year,defender_id,PS,Competitiveness
2018,95792,144.57,11.11111111111111
2018,129810,145.08,11.11111111111111
2018,1470,134.68,5.88235294117647
